id,supplier_name,created_date,active_date
c15ea2b424be4e91932fcfa91f590bd3,RationeOdio CO.,37091496,732363325
9a1daee8dd934f9a8b7da73274711d1c,MaioresOccaecati & Sons,1218809711,856852472
a14385f4bc65489da0b560f547c7bce0,TeneturNostrum Incorporate,661884418,581910615
6ffaa1a3963e4071b5f34509ecb433ba,EiusNumquam Supplier,161400477,310135254
4a5cef91dd7442fc8d8adb84d6063063,AmetEa Company,1107852801,174609287
5c17110259294e92b2b93a7f1b2a6e3c,PraesentiumLaudantium Supplier,1163472777,171616110
96dca214d0be49e49a2f2ba815f4e439,EumIn CO.,1177157129,587215553
ad24ebb9f9e747518f93625e0efd6bc6,VoluptatumDeleniti Incorporate,914237276,425515467
af64737a940447f6a064151bcf5550c0,UllamVoluptatem Incorporate,128244695,316175222
9cef336789e041d8ace9091aae6c93d4,BeataeSint Company,327600010,1483122192
2a7d3a58e60c442ebf31f6e46403c5f1,AssumendaQui Inc.,359105245,1216713243
a0bb46673fc847e78431d97362766d32,QuiIn CO.,558783588,1399026239
81706db084874876864c51e5355db6c2,DoloremqueAut & Sons,444867209,547442175
0d86829852d04b46b6fd74daf72e9b88,QuodIusto Inc.,1431669738,1350616465
e91ca12fbf2e47e5a9748181879af881,AperiamEst Supplier,261590906,1129475589
16aff1e4451940a5ae6d04f45b088770,MolestiasRepudiandae Inc.,1091121853,1003189231
31180847d4144cdbac9857414852a054,EligendiNobis Company,224444299,1286155669
fa6b3d4ad7bd411a8a7228122cbc78e2,ConsequaturDignissimos Inc.,1492994452,1284217351
a948dec440fe4058a717256313692b3d,AutAt Supplier,1441082184,1548754712
7ec36ce49ad24619a1bd38510bd1e8e4,OmnisEx Incorporate,285306899,435542822
6bda4ac17a6349578571f84c69bbe889,SolutaSimilique Inc.,1151359226,596745407
7c3daf1201454224a5979071ae61d8e4,VelDebitis Incorporate,1387206380,883907341
4b4612dbca5a44cbbe1d48b0ffcda3c0,ItaqueFacilis Inc.,1213152637,651504949
c1adf28806fe4acba9291d79e2540882,NonAlias CO.,798809737,1294553284
9809da542cc04a26ae863628d5b10a9d,RemLaudantium Inc.,954310753,188571804
574ee80b77f64ef98438b4e22e7343c0,UtFacilis & Sons,1429770296,549161846
1256b6523e734382acdacb5bcae8aab7,EstNon Incorporate,549959176,1371896544
f9e018aebdf94f4fba6e30ac36217fb1,MolestiaeQuae & Sons,242524577,959192911
dc7de42166684da6a721732c808546bd,PariaturEos CO.,1309972265,1378220394
0d8f04c49784468a995ba2880cf9ba15,EtEt Supplier,436469259,1517958745
27d5da4242d0433f9db9d4f1cb46e2dc,AdTemporibus Incorporate,292612845,124362972
5c2cfd0fd5774ce3bd064405bf111623,NequeOdit Inc.,699022942,668491405
71478f4cc80a44dc8e0ddd6c090faaea,VoluptatesUt & Sons,1414993006,46220623
a0fe26b4d58e4d54892a99043038ad4d,VoluptatemNecessitatibus Incorporate,823839372,1238917142
2737d2863ff14c0c93c804e0a3673371,EaqueVoluptas CO.,874280793,504210448
5836213f1c4b4ccf96072ec9eda972c1,QuoDebitis Incorporate,200479602,879561823
e9409e8307ec45d796bc38cce9d350a7,IllumQuos Supplier,361341086,232000149
2c31065853504c19bf97686ccdf8a2d7,VeritatisHic Company,1436721422,1499772524
8e7c1258925a4feebf2bbbeb7a64fa7e,DolorAmet Inc.,1185616267,178531263
1c4e3172ed44450c95367fb9c38e58bd,IureUnde & Sons,891509938,1016743532
fa320a5611e74b199fc65a3337df2970,CommodiNesciunt Company,626407694,1481533800
259644cb49de48999bd0c82c7dc405e7,AutemEt Supplier,379653735,1516720927
08ed3be014194feab10a409af560a1bf,QuasMollitia CO.,288753905,1034963428
48f24c00bbcc471ba82a38f723e8fcfb,DelectusDolorem & Sons,1015900942,495796381
8369d6e16f2e4a84b63cd0e7a8498127,NesciuntRepellat & Sons,1458568025,266100248
3273e44b506448e696d34fa3d7d5de2c,RepudiandaeUt Incorporate,1077661524,1370264205
d04dfbcf9d854055954a60fce4387277,AtAtque Inc.,762402721,875612219
77dff980238c470dae9fac298b4a9bc8,TotamNeque Inc.,1430520343,538797867
f16d6fff2ca8440fa3c03d28b5246952,NullaIusto & Sons,4959433,640805971
0a7623cba7994b26bfeab856db9ac3fe,DeseruntExplicabo Inc.,218278616,1461251987
a23b4902d1664f62a37177a618e44b45,VoluptasIure Company,1169975018,589959590
722d92d84abd452aa7b24003cb2fba84,EarumEa Company,1388483797,1372495892
650f43e12d0a4271b904015724c7685a,ErrorIpsa CO.,1136078877,184127710
72980e45496f4a21bb6661e210986857,NemoVelit Inc.,617282305,836058978
f753a55455524d7088ffd67839bbc355,ProvidentPerferendis & Sons,198704233,1183578082
d5dd1baea8054b0abe55852a9bd03e34,SedEx Company,1048534754,125063257
d61808628c594ffc9468f2822f211e11,AliasDoloremque Company,201771513,1531750672
1af9c86f70d54297bcdb7a00a8b7fd3a,NobisRatione Company,476092591,90607902
87d7e23c6535415fba4d78a02a7db773,ModiEst Supplier,936206160,1181149731
e3d118b9c1ac4ff7a957916a2333464d,DignissimosAspernatur & Sons,34178615,1488953396
a504dca64b784b96b0c1276782d919be,LaboriosamEaque CO.,844427934,607658824
5e48dcb5015d45868186a143fddd2345,CumAccusamus CO.,1417738714,1409253682
43a7e62c72844509bfb1acfbdad7831a,CorporisIncidunt CO.,901995048,487591860
1a72f1c0f08c4993a4bffa29ebd9d395,RecusandaeQuisquam Company,403874391,812782790
3576484ad91f4e03a9f092f97e6d869c,TemporibusVoluptate CO.,573072915,320277514
3a79c93abd704112b6de24190a2ce009,ExplicaboLaborum Supplier,305359034,1161832682
1922ad80567d49f1b1f3af71cfaf343f,RerumVoluptates Inc.,457200863,984459097
382980641e244c7384863c6dfa7db0eb,QuiaReprehenderit & Sons,1472914814,252658666
0070bba2db6f4d7699454e9d93dbb4a7,DoloresExplicabo Inc.,257808313,1487854322
bcb8c6b2217440089f5cc2f5fb9fe09f,CupiditateSoluta Inc.,1512343006,145517860
4d26ca0bd5294a89aa2f7670f28a43dc,DoloreRepudiandae Company,955368869,176393899
6f986b85c2c24fd4b106f05d4dec349e,EaRepellendus Company,72696843,557459339
59a6f311193b4e9a988ff3e4fe6e401d,FugaId & Sons,15257349,512523488
dc2c0253aab645f195860ee02c4cd534,AtqueRepellat Inc.,965979830,966301963
2cf686efe6f44d04892681109b8937c4,MaximeNeque Supplier,1399287165,410707707
3bd339bc028040edbd5ab15a6ce6577e,QuaeratNatus & Sons,276342135,912574707
5bd9e0e61ca5407a8b61847e981e87bf,ImpeditAtque CO.,947918445,525832438
5ff960f81e034348a7f316204607f88d,HarumAspernatur Supplier,1484881834,289855868
031ad2a2917444adaeca5e3895bd2f24,AbSit Inc.,1160212818,1045731012
f9a1a86c01084c03adbdffdfa27b78ea,PlaceatRerum CO.,45631329,137290498
9bc872a1df5b48b0a2b3a14b66bd9723,VitaeMinus & Sons,1528982463,1462803898
0b89f6cb052f43438c85eebfdbdc99d7,IpsamEst Company,1161061942,1322695489
e197b2e9d8694f66a21c7ef0483efc56,PerferendisCumque Incorporate,1427327132,1561741637
c5b46c022ced47cc9459e51066ef1429,UndeVel Supplier,231836884,155458353
af0ebf91b8b44ef79498d51f6b827c3b,CorruptiEt & Sons,384334624,1423660640
0b4353d9a57c430b81cf2700bb3178c6,DolorumLabore Incorporate,244285447,325831021
3a645667c7664ed582308cbea27257d5,ReiciendisCulpa CO.,821790274,492393064
e2bb71c1ebcf48c3830f57fd78f6fb0d,FugiatPorro CO.,286777919,1443367537
215b1a2876bc44a190483f03fbefc03a,OditQui Supplier,556672912,472366017
0e663263d1b34af8b932d2f23dcdcea9,EnimAccusamus Company,163080757,481802629
b75beeb06e1b406990bc2c2ce510d6b7,DistinctioRatione & Sons,1051450699,840977215
cea711a90b6446fd9c557ef0789d1449,RepellendusVel & Sons,319774779,1512000054
bbc6d19fe3144481b4077b2ed9aa3ebe,QuasiSunt & Sons,810668097,1233679981
ae8aee23d2c64cb0990b67b4e39b4a91,NihilAssumenda & Sons,1027974128,253039480
e0a6eb57b1c34e43b46dd371ff4666c5,DoloremSunt Incorporate,496620756,753890514
833d602f1e454060a3e214010a746a27,LaborumDucimus Supplier,734622419,218025870
1920a676bfd7417a8fda0dd4ce7868c5,ARerum Inc.,411407768,1068163528
789ffe00f42f408280ce06547acb2103,OfficiisAut & Sons,1463720220,1042300370
a5052ef628d24a3dbec13df366ce9042,VeniamCorrupti Inc.,1030575692,1457521009
1f338befe93a4384a728369174c0e9cb,VoluptatibusEarum Company,99923820,117489120
